date,Delivery,Fake Product,Pricing,Quality,Refund
2025-01-01,38,11,11,19,29
2025-01-02,45,1,9,21,33
2025-01-03,54,9,9,17,33
2025-01-04,36,10,11,15,25
2025-01-05,42,8,10,22,21
2025-01-06,56,10,8,22,27
2025-01-07,42,3,9,24,31
2025-01-08,50,5,10,15,18
2025-01-09,48,9,14,15,17
2025-01-10,34,9,8,21,33
2025-01-11,43,14,20,22,18
2025-01-12,36,5,7,14,24
2025-01-13,39,5,11,10,26
2025-01-14,34,10,16,17,32
2025-01-15,34,7,13,17,26
2025-01-16,41,4,17,16,23
2025-01-17,44,9,63,20,21
2025-01-18,166,15,56,49,35
2025-01-19,162,16,66,38,31
2025-01-20,164,13,8,49,27
2025-01-21,175,18,9,39,33
2025-01-22,187,16,11,35,23
2025-01-23,158,22,11,43,24
2025-01-24,193,16,13,42,16
2025-01-25,163,15,11,49,25
2025-01-26,174,18,5,43,23
2025-01-27,42,17,13,48,33
2025-01-28,34,30,13,44,104
2025-01-29,57,18,14,63,107
2025-01-30,38,19,9,41,93
2025-01-31,44,6,13,13,117
2025-02-01,43,7,12,22,135
2025-02-02,40,9,11,11,100
2025-02-03,39,8,8,19,34
2025-02-04,45,7,16,18,37
2025-02-05,52,8,7,17,34
2025-02-06,40,4,12,14,34
2025-02-07,38,6,14,22,34
2025-02-08,42,7,10,16,21
2025-02-09,53,5,10,21,36
2025-02-10,36,6,12,18,29
2025-02-11,47,9,9,22,28
2025-02-12,36,14,12,17,30
2025-02-13,40,7,14,14,20
2025-02-14,40,9,14,25,22
2025-02-15,36,7,14,19,24
2025-02-16,40,10,12,16,30
2025-02-17,39,13,6,15,28
2025-02-18,52,7,17,23,16
2025-02-19,48,9,11,17,25
2025-02-20,32,4,5,20,22
2025-02-21,41,9,11,18,23
2025-02-22,27,5,9,18,16
2025-02-23,34,3,14,21,22
2025-02-24,40,7,5,22,23
2025-02-25,40,3,8,24,25
2025-02-26,42,10,10,30,25
2025-02-27,50,8,13,20,33
2025-02-28,36,6,14,16,28
2025-03-01,49,9,6,22,23
2025-03-02,44,11,10,16,32
2025-03-03,29,11,56,19,28
2025-03-04,162,19,68,39,30
2025-03-05,159,13,52,47,27
2025-03-06,178,19,6,44,19
2025-03-07,156,21,12,42,21
2025-03-08,191,22,12,48,25
2025-03-09,176,17,9,39,23
2025-03-10,157,25,8,58,26
2025-03-11,173,15,11,58,34
2025-03-12,42,19,10,58,29
2025-03-13,32,23,18,55,112
2025-03-14,50,28,15,41,103
2025-03-15,35,16,14,50,114
2025-03-16,34,5,15,23,119
2025-03-17,32,5,7,18,99
2025-03-18,26,10,14,17,122
2025-03-19,42,7,13,26,19
2025-03-20,41,9,8,17,33
2025-03-21,42,9,12,24,34
2025-03-22,35,5,13,18,33
2025-03-23,43,4,13,18,19
2025-03-24,47,9,9,22,22
2025-03-25,49,7,14,25,17
2025-03-26,69,8,10,18,38
2025-03-27,42,8,12,21,18
2025-03-28,45,5,6,17,28
2025-03-29,41,9,8,28,26
2025-03-30,44,9,13,19,34
2025-03-31,40,6,13,21,26
2025-04-01,43,10,13,17,24
2025-04-02,34,6,9,29,23
2025-04-03,49,6,14,13,21
2025-04-04,44,8,14,15,22
2025-04-05,43,8,15,25,28
2025-04-06,40,5,8,22,20
2025-04-07,39,7,11,12,23
2025-04-08,43,12,13,12,23
2025-04-09,39,4,6,24,20
2025-04-10,38,11,19,21,23
2025-04-11,49,7,15,10,20
2025-04-12,43,6,11,18,23
2025-04-13,41,11,10,24,22
2025-04-14,37,6,13,10,20
2025-04-15,44,7,11,19,28
2025-04-16,28,7,15,16,28
2025-04-17,26,7,15,19,25
2025-04-18,36,7,11,20,25
2025-04-19,40,8,10,29,27
2025-04-20,36,7,5,14,32
2025-04-21,43,6,55,16,30
2025-04-22,150,22,59,35,24
2025-04-23,175,24,50,45,36
2025-04-24,158,14,2,38,21
2025-04-25,177,23,7,39,32
2025-04-26,176,19,11,42,22
2025-04-27,160,10,11,39,26
2025-04-28,163,18,8,47,21
2025-04-29,179,24,13,47,22
2025-04-30,163,27,18,45,29
2025-05-01,32,23,12,63,22
2025-05-02,43,16,18,71,107
2025-05-03,40,17,6,50,116
2025-05-04,38,16,15,54,103
2025-05-05,38,6,8,18,133
2025-05-06,35,4,11,21,107
2025-05-07,34,7,8,22,117
2025-05-08,41,8,10,17,38
2025-05-09,40,1,12,29,27
2025-05-10,42,15,14,12,21
2025-05-11,46,8,9,16,20
2025-05-12,42,3,10,18,18
2025-05-13,31,5,14,23,17
2025-05-14,48,5,8,24,32
2025-05-15,43,12,7,15,32
2025-05-16,36,6,7,14,28
2025-05-17,41,14,6,21,19
2025-05-18,34,13,4,23,13
2025-05-19,42,5,12,16,27
2025-05-20,39,3,6,13,30
2025-05-21,43,10,13,8,25
2025-05-22,35,9,13,15,22
2025-05-23,40,8,17,24,25
2025-05-24,43,15,15,22,23
2025-05-25,45,5,10,15,31
2025-05-26,40,5,9,22,27
2025-05-27,29,12,5,22,22
2025-05-28,35,6,5,17,23
2025-05-29,41,8,14,21,31
2025-05-30,38,10,12,28,28
2025-05-31,45,10,14,21,27
2025-06-01,43,1,22,12,25
2025-06-02,39,3,11,23,36
2025-06-03,51,9,14,15,21
2025-06-04,40,9,12,23,27
2025-06-05,48,4,11,16,26
2025-06-06,45,5,11,21,22
2025-06-07,51,11,12,13,21
2025-06-08,45,5,7,12,20
2025-06-09,38,6,10,16,33
2025-06-10,42,8,6,25,24
2025-06-11,31,7,13,26,27
2025-06-12,46,4,5,16,22
2025-06-13,35,14,10,27,28
2025-06-14,45,5,5,19,27
2025-06-15,40,9,9,21,28
2025-06-16,39,6,8,21,22
2025-06-17,47,6,14,21,38
2025-06-18,34,7,13,21,22
2025-06-19,32,4,12,17,42
2025-06-20,31,3,14,25,35
2025-06-21,37,6,8,27,23
2025-06-22,37,10,9,26,30
2025-06-23,43,5,8,16,26
2025-06-24,32,5,13,23,17
2025-06-25,40,7,9,23,29
2025-06-26,37,5,16,20,23
2025-06-27,50,8,9,20,31
2025-06-28,26,10,13,20,24
2025-06-29,28,6,8,20,31
2025-06-30,39,10,9,16,31
2025-07-01,39,7,11,17,25
2025-07-02,39,7,13,22,28
2025-07-03,39,6,11,28,32
2025-07-04,49,11,6,19,25
2025-07-05,42,9,5,27,20
2025-07-06,34,4,11,16,25
2025-07-07,46,10,12,18,30
2025-07-08,27,6,11,20,23
2025-07-09,45,7,11,28,33
2025-07-10,38,8,9,20,25
2025-07-11,33,8,10,21,27
2025-07-12,53,7,10,23,28
2025-07-13,30,9,13,25,22
2025-07-14,39,8,7,18,25
2025-07-15,42,7,10,15,25
2025-07-16,44,9,5,20,18
2025-07-17,27,4,15,17,31
2025-07-18,31,8,18,22,19
2025-07-19,36,10,6,16,23
2025-07-20,48,6,10,19,19
2025-07-21,44,6,15,35,24
2025-07-22,39,4,15,20,29
2025-07-23,45,5,9,13,18
2025-07-24,39,6,11,22,29
2025-07-25,43,7,10,24,25
2025-07-26,37,5,11,17,29
2025-07-27,30,10,10,21,24
2025-07-28,32,5,8,18,27
2025-07-29,32,8,5,19,21
2025-07-30,38,4,12,29,17
2025-07-31,35,12,12,16,24
2025-08-01,36,8,5,28,19
2025-08-02,35,11,7,23,25
2025-08-03,37,9,15,18,20
2025-08-04,36,7,13,13,18
2025-08-05,40,5,7,20,23
2025-08-06,35,6,12,25,26
2025-08-07,38,7,8,16,23
2025-08-08,37,6,50,19,24
2025-08-09,171,17,66,38,32
2025-08-10,145,19,69,38,20
2025-08-11,173,17,12,28,25
2025-08-12,164,15,7,30,23
2025-08-13,169,20,7,41,25
2025-08-14,168,16,15,31,20
2025-08-15,192,17,17,40,29
2025-08-16,167,20,7,51,23
2025-08-17,163,14,10,55,26
2025-08-18,37,16,10,49,24
2025-08-19,41,20,6,58,118
2025-08-20,42,25,9,54,110
2025-08-21,50,16,7,54,117
2025-08-22,31,6,12,25,139
2025-08-23,46,7,14,20,126
2025-08-24,34,9,6,19,130
2025-08-25,34,8,5,21,34
2025-08-26,48,8,9,24,27
2025-08-27,42,5,9,12,21
2025-08-28,47,8,10,27,27
2025-08-29,38,2,13,17,22
2025-08-30,44,7,10,24,28
2025-08-31,32,7,7,22,25
2025-09-01,36,8,10,20,19
2025-09-02,61,6,7,13,23
2025-09-03,39,7,14,18,25
2025-09-04,32,7,12,19,24
2025-09-05,26,5,13,21,24
2025-09-06,39,4,13,23,33
2025-09-07,37,3,9,18,14
2025-09-08,33,7,9,15,31
2025-09-09,31,4,11,18,16
2025-09-10,43,7,16,23,28
2025-09-11,35,8,11,25,31
2025-09-12,37,8,9,17,32
2025-09-13,52,7,17,22,32
2025-09-14,38,8,6,15,24
2025-09-15,39,5,12,16,32
2025-09-16,36,10,12,19,19
2025-09-17,35,9,8,25,23
2025-09-18,38,7,14,24,39
2025-09-19,37,13,11,25,24
2025-09-20,60,7,11,31,32
2025-09-21,41,4,15,16,26
2025-09-22,40,5,75,27,30
2025-09-23,165,21,69,42,32
2025-09-24,171,15,60,41,22
2025-09-25,171,15,4,36,26
2025-09-26,167,22,11,44,27
2025-09-27,154,15,20,33,27
2025-09-28,165,22,20,31,33
2025-09-29,145,20,13,34,32
2025-09-30,156,20,8,36,25
2025-10-01,157,15,9,37,19
2025-10-02,146,18,9,39,19
2025-10-03,196,22,8,60,31
2025-10-04,156,22,10,48,26
2025-10-05,46,23,3,57,25
2025-10-06,38,14,9,58,121
2025-10-07,48,20,13,60,119
2025-10-08,38,19,21,45,126
2025-10-09,39,11,12,15,109
2025-10-10,46,3,15,17,123
2025-10-11,38,9,10,20,125
2025-10-12,35,1,13,16,28
2025-10-13,42,7,17,27,20
2025-10-14,35,5,48,17,21
2025-10-15,152,15,55,42,20
2025-10-16,174,15,57,54,34
2025-10-17,149,18,11,44,26
2025-10-18,160,18,11,41,37
2025-10-19,163,10,4,41,30
2025-10-20,174,19,6,37,27
2025-10-21,168,20,12,51,22
2025-10-22,154,22,10,51,27
2025-10-23,50,18,13,58,20
2025-10-24,37,20,13,47,128
2025-10-25,37,28,13,50,108
2025-10-26,40,18,12,33,125
2025-10-27,49,9,14,16,110
2025-10-28,44,4,14,15,114
2025-10-29,48,17,11,18,107
2025-10-30,36,4,10,17,36
2025-10-31,35,12,15,23,25
2025-11-01,34,11,9,20,28
2025-11-02,35,3,11,23,30
2025-11-03,34,9,11,25,22
2025-11-04,28,12,14,16,24
2025-11-05,43,9,12,22,27
2025-11-06,37,2,7,19,18
2025-11-07,53,7,11,18,31
2025-11-08,49,6,10,16,15
2025-11-09,30,6,9,20,19
2025-11-10,27,3,10,11,26
2025-11-11,28,11,10,17,22
2025-11-12,43,7,13,25,26
2025-11-13,37,8,9,21,31
2025-11-14,42,5,11,25,34
2025-11-15,32,5,8,19,31
2025-11-16,34,5,7,24,20
2025-11-17,33,13,17,12,20
2025-11-18,52,11,15,14,24
2025-11-19,42,8,19,27,28
2025-11-20,36,3,8,29,29
2025-11-21,38,9,7,33,28
2025-11-22,50,8,12,14,32
2025-11-23,41,6,17,16,21
2025-11-24,40,6,14,19,30
2025-11-25,57,7,11,23,28
2025-11-26,26,10,14,30,26
2025-11-27,47,7,15,24,25
2025-11-28,46,13,9,15,27
2025-11-29,42,7,14,20,29
2025-11-30,33,5,5,26,20
2025-12-01,53,6,6,20,23
2025-12-02,38,8,5,17,20
2025-12-03,45,9,14,29,29
2025-12-04,46,6,12,15,26
2025-12-05,29,11,19,19,18
2025-12-06,31,4,10,20,32
2025-12-07,41,5,11,21,36
2025-12-08,37,7,10,16,26
2025-12-09,36,11,55,23,23
2025-12-10,139,13,49,41,29
2025-12-11,178,16,71,40,31
2025-12-12,170,13,12,40,37
2025-12-13,170,12,11,40,24
2025-12-14,170,13,13,31,24
2025-12-15,163,18,12,34,20
2025-12-16,189,18,12,34,20
2025-12-17,135,17,18,31,14
2025-12-18,181,27,13,53,30
2025-12-19,152,26,14,50,20
2025-12-20,45,18,12,33,29
2025-12-21,42,20,12,60,119
2025-12-22,50,26,7,50,114
2025-12-23,35,21,12,45,111
2025-12-24,52,2,8,14,105
2025-12-25,41,6,11,20,125
2025-12-26,37,6,10,24,115
2025-12-27,39,16,10,14,28
2025-12-28,36,7,19,20,23
2025-12-29,32,0,11,21,28
2025-12-30,35,9,10,27,28
2025-12-31,31,7,13,31,21
